layer size,magnetic permeability,electric permittivity,simulation parameters
109.4E-3,0.546564103,3.9,1.0E+9
153.6E-3,0.560333333,7.5,0
109.4E-3,0.546564103,3.9,10
153.6E-3,0.560333333,7.5,0
109.4E-3,0.546564103,3.9
153.6E-3,0.560333333,7.5
109.4E-3,0.546564103,3.9
153.6E-3,0.560333333,7.5
109.4E-3,0.546564103,3.9
153.6E-3,0.560333333,7.5