layer size,magnetic permeability,electric permittivity,simulation parameters
40.64632197782515E-3,1.0,3.4,3.5E9
23.700674815509176E-3,1.0,10.0,0
40.64632197782515E-3,1.0,3.4,4
23.700674815509176E-3,1.0,10.0,0
0,0,0,0
