layer size,magnetic permeability,electric permittivity,simulation parameters
1.00E-01,1.00E+00,1,600E+6
1.00E-01,1.00000037,1.000536,0
1.00E-01,1.00000043,2,10
1.00E-01,0.546564103,3.9,0
1.00E-01,1,3.8,0
1.00E-01,0.560333333,7.5,0
1.00E-01,1,4.5,0
1.00E-01,1,5.5,0
1.00E-01,0.99999976,8.9,0
1.00E-01,1.000022,9.3,0