layer size,magnetic permeability,electric permittivity,simulation parameters
1.00E-04,1,1,2.40E+12
1.00E-04,1,1.1,0
1.00E-04,1,1.21,10
1.00E-04,1,1.331,0
1.00E-04,1,1.4641,0
1.00E-04,1,1.61051,0
1.00E-04,1,1.771561,0
1.00E-04,1,1.9487171,0
1.00E-04,1,2.14358881,0
1.00E-04,1,2.357947691,0