layer size,magnetic permeability,electric permittivity,simulation parameters
2.00E-02,1.00E+00,1,1.8E9
5.00E-02,1.00E+00,1,0
10.00E-02,1.00000037,1.000536,12
15.00E-02,1.00000043,2,0
20.00E-02,0.546564103,3.9,0
25.00E-02,1,3.8,0
25.00E-02,0.560333333,7.5,0
20.00E-02,1,4.5,0
15.00E-02,1,5.5,0
10.00E-02,0.99999976,8.9,0
5.00E-02,1.000022,9.3,0
2.00E-02,1.000022,12,0