layer size,magnetic permeability,electric permittivity,simulation parameters
0.008129264395565031,1,3.4,5000000000.0
0.004740134963101835,1,10,0
0.008129264395565031,1,3.4,8
0.004740134963101835,1,10,0
0.008129264395565031,1,3.4,0
0.004740134963101835,1,10,0
0.008129264395565031,1,3.4,0
0.004740134963101835,1,10,0