layer size,magnetic permeability,electric permittivity,simulation parameters
0.04064632197782515,1,3.4,5000000000.0
0.023700674815509176,1,10,0
0.04064632197782515,1,3.4,8
0.023700674815509176,1,10,0
0.04064632197782515,1,3.4,0
0.023700674815509176,1,10,0
0.04064632197782515,1,3.4,0
0.023700674815509176,1,10,0